"(-39.249501333333335, -180.22153766666665)","[2, 18]"
"(-36.249501333333335, -178.22153766666665)","[3, 17]"
"(-39.58283466666666, -181.22153766666665)","[0, 8]"
"(-36.58283466666666, -179.22153766666665)","[1, 4]"
"(-32.249501333333335, -181.8882043333333)","[3, 5, 12]"
"(-31.582834666666667, -186.55487099999996)","[4, 9]"
"(-45.249501333333335, -196.22153766666665)",[7]
"(-43.916168, -190.8882043333333)","[6, 8, 11]"
"(-40.249501333333335, -187.22153766666665)","[2, 7, 9]"
"(-37.58283466666666, -190.55487099999996)","[5, 8]"
"(-48.249501333333335, -185.8882043333333)","[11, 21]"
"(-44.249501333333335, -185.22153766666665)","[7, 10]"
"(-30.916168, -180.55487099999996)","[4, 16]"
"(-10.582834666666667, -165.88820433333333)","[14, 45]"
"(-11.582834666666669, -172.22153766666665)","[13, 15]"
"(-17.24950133333333, -176.22153766666665)","[14, 16]"
"(-23.582834666666667, -174.8882043333333)","[12, 15, 37]"
"(-37.58283466666666, -177.8882043333333)","[1, 19]"
"(-40.58283466666666, -179.8882043333333)","[0, 20]"
"(-37.249501333333335, -176.8882043333333)","[17, 23]"
"(-40.249501333333335, -178.8882043333333)","[18, 22]"
"(-45.916168, -181.8882043333333)","[10, 22]"
"(-44.58283466666666, -180.55487099999996)","[20, 21, 23]"
"(-42.58283466666666, -179.22153766666665)","[19, 22, 27]"
"(-58.58283466666666, -175.8882043333333)",[25]
"(-51.916168, -165.88820433333333)","[24, 26, 52]"
"(-42.916168, -159.22153766666665)","[25, 27]"
"(-41.916168, -168.88820433333333)","[23, 26, 39]"
"(-16.916168, -149.88820433333333)",[29]
"(-18.24950133333333, -149.554871)","[28, 30]"
"(-22.582834666666667, -147.22153766666665)","[29, 31, 35]"
"(-24.24950133333333, -142.88820433333333)","[30, 32]"
"(-15.916167999999999, -142.22153766666665)","[31, 33, 1207]"
"(-16.24950133333333, -137.22153766666665)","[32, 34]"
"(-11.582834666666665, -134.554871)","[33, 82]"
"(-29.24950133333333, -146.554871)","[30, 36]"
"(-24.582834666666667, -151.22153766666665)","[35, 39]"
"(-21.24950133333333, -164.88820433333333)","[16, 38]"
"(-28.916168, -169.554871)","[37, 39]"
"(-29.916168, -159.554871)","[27, 36, 38]"
"(-5.582834666666667, -152.22153766666665)","[41, 1242]"
"(-9.916168, -150.22153766666665)","[40, 1208]"
"(4.750498666666666, -156.22153766666665)","[43, 65]"
"(3.7504986666666666, -161.88820433333333)","[42, 44]"
"(-1.9161679999999999, -165.88820433333333)","[43, 45]"
"(-6.582834666666667, -163.554871)","[13, 44, 1242]"
"(-81.24950133333333, -131.22153766666665)","[47, 116]"
"(-79.24950133333333, -137.88820433333333)","[46, 48, 49]"
"(-80.58283466666667, -141.22153766666665)",[47]
"(-76.24950133333333, -136.22153766666665)","[47, 54]"
"(-50.916168, -128.88820433333333)",[56]
"(-45.58283466666666, -136.88820433333333)","[52, 56]"
"(-52.58283466666666, -145.554871)","[25, 51, 53]"
"(-64.58283466666667, -146.554871)","[52, 54, 55]"
"(-68.916168, -133.554871)","[49, 53, 141]"
"(-69.58283466666667, -158.22153766666665)",[53]
"(-48.249501333333335, -132.88820433333333)","[50, 51]"
"(9.750498666666665, -125.22153766666668)","[58, 74]"
"(10.750498666666665, -123.554871)",[57]
"(47.083832, -133.554871)","[60, 104]"
"(44.41716533333334, -131.22153766666665)","[59, 64]"
"(25.083832, -110.554871)","[62, 95]"
"(29.417165333333333, -112.554871)","[61, 1240]"
"(35.083832, -135.88820433333333)","[64, 1240]"
"(40.750498666666665, -126.88820433333335)","[60, 63]"
"(11.083832000000001, -157.554871)","[42, 66]"
"(16.083832, -154.554871)","[65, 1241]"
"(5.083832, -133.22153766666665)",[77]
"(7.417165333333333, -128.554871)",[69]
"(6.417165333333333, -129.554871)","[68, 84]"
"(-14.916168, -109.88820433333335)",[71]
"(-14.249501333333335, -111.554871)","[70, 81]"
"(-15.916167999999999, -116.22153766666668)",[73]
"(-13.916167999999999, -119.554871)","[72, 80]"
"(8.750498666666667, -124.88820433333335)","[57, 78]"
"(3.0838319999999992, -109.88820433333335)","[76, 81]"
"(-4.916168000000001, -105.22153766666668)","[75, 162]"
"(1.0838320000000001, -135.554871)","[67, 84]"
"(9.083832, -122.88820433333335)","[74, 79]"
"(2.0838319999999992, -123.88820433333335)","[78, 80, 83]"
"(-4.916168000000001, -119.88820433333335)","[73, 79, 81]"
"(-5.582834666666668, -114.22153766666668)","[71, 75, 80]"
"(-9.249501333333335, -131.88820433333333)","[34, 83]"
"(-3.2495013333333334, -130.88820433333333)","[79, 82, 84]"
"(2.083832, -132.88820433333333)","[69, 77, 83]"
"(68.41716533333333, -115.22153766666668)",[86]
"(69.083832, -117.88820433333335)","[85, 88, 99]"
"(76.41716533333333, -113.88820433333335)","[88, 1190, 1221]"
"(73.41716533333333, -117.22153766666668)","[86, 87]"
"(41.41716533333334, -95.22153766666668)","[90, 103]"
"(44.41716533333334, -99.554871)","[89, 91]"
"(42.083832, -105.88820433333335)","[90, 92, 107]"
"(36.41716533333334, -107.22153766666668)","[91, 102]"
"(29.417165333333333, -99.554871)","[94, 98]"
"(30.417165333333333, -98.22153766666668)","[93, 110]"
"(27.083832, -106.88820433333335)","[61, 96]"
"(23.417165333333333, -106.22153766666668)","[95, 97]"
"(20.75049866666667, -102.554871)","[96, 98]"
"(23.75049866666667, -99.554871)","[93, 97, 159]"
"(65.75049866666667, -118.554871)","[86, 100]"
"(63.750498666666665, -122.22153766666668)","[99, 101]"
"(58.750498666666665, -122.554871)","[100, 105, 111]"
"(33.41716533333334, -101.554871)","[92, 110]"
"(36.083832, -93.554871)","[89, 224]"
"(50.750498666666665, -128.554871)","[59, 105]"
"(55.083832, -127.88820433333332)","[101, 104]"
"(46.750498666666665, -120.88820433333335)",[107]
"(48.750498666666665, -114.22153766666668)","[91, 106, 108]"
"(54.083832, -112.22153766666668)","[107, 109]"
"(57.083832, -116.554871)","[108, 111]"
"(32.083832, -98.22153766666668)","[94, 102]"
"(56.41716533333334, -120.554871)","[101, 109]"
"(-93.91616800000001, -95.22153766666668)",[113]
"(-95.24950133333334, -97.22153766666668)","[112, 115]"
"(-99.24950133333334, -103.22153766666668)","[118, 126]"
"(-93.24950133333334, -98.22153766666668)","[113, 127]"
"(-83.916168, -128.554871)","[46, 117]"
"(-86.91616800000001, -127.88820433333332)","[116, 119]"
"(-102.58283466666667, -103.22153766666668)","[114, 122]"
"(-89.58283466666667, -124.22153766666668)","[117, 120]"
"(-89.24950133333334, -120.88820433333335)","[119, 123]"
"(-107.91616800000001, -95.22153766666668)","[122, 128]"
"(-103.58283466666667, -97.88820433333335)","[118, 121]"
"(-93.58283466666667, -118.22153766666668)","[120, 124]"
"(-91.58283466666667, -114.88820433333335)","[123, 125]"
"(-95.58283466666667, -111.88820433333335)","[124, 126]"
"(-95.24950133333334, -106.88820433333335)","[114, 125, 127]"
"(-91.58283466666667, -103.22153766666668)","[115, 126, 147]"
"(-108.24950133333334, -89.88820433333335)","[121, 129]"
"(-113.58283466666667, -87.554871)","[128, 130]"
"(-113.58283466666667, -82.554871)","[129, 134]"
"(-125.91616800000001, -69.88820433333335)","[132, 293]"
"(-120.91616800000001, -70.554871)","[131, 133]"
"(-118.24950133333334, -74.88820433333335)","[132, 134]"
"(-119.58283466666667, -80.22153766666668)","[130, 133]"
"(-83.58283466666667, -112.88820433333335)","[136, 145]"
"(-80.58283466666667, -112.22153766666668)","[135, 137]"
"(-81.24950133333333, -115.88820433333335)","[136, 138]"
"(-78.24950133333333, -119.88820433333335)","[137, 139]"
"(-73.24950133333333, -114.88820433333335)","[138, 140, 142]"
"(-67.58283466666667, -116.22153766666668)","[139, 141]"
"(-63.916168, -121.88820433333335)","[54, 140]"
"(-72.916168, -108.22153766666668)","[139, 150]"
"(-81.24950133333333, -90.554871)",[144]
"(-79.58283466666667, -96.554871)","[143, 149, 153]"
"(-81.58283466666667, -110.554871)","[135, 146]"
"(-84.58283466666667, -110.88820433333335)","[145, 147]"
"(-85.91616800000001, -105.88820433333335)","[127, 146, 148]"
"(-83.916168, -99.554871)","[147, 149]"
"(-79.916168, -102.554871)","[144, 148]"
"(-69.58283466666667, -105.554871)","[142, 152]"
"(-67.24950133333333, -89.22153766666668)","[155, 196]"
"(-73.58283466666667, -105.554871)","[150, 153]"
"(-74.58283466666667, -99.88820433333335)","[144, 152, 154]"
"(-72.916168, -93.22153766666668)","[153, 155]"
"(-67.24950133333333, -95.88820433333335)","[151, 154]"
"(-21.916168, -100.22153766666668)",[157]
"(-18.582834666666667, -102.554871)","[156, 158, 165]"
"(-17.916168, -105.88820433333335)",[157]
"(22.417165333333333, -94.22153766666668)","[98, 160]"
"(19.417165333333333, -89.22153766666668)","[159, 161, 1217]"
"(15.417165333333335, -94.22153766666668)","[160, 162]"
"(5.750498666666668, -96.22153766666668)","[76, 161, 163]"
"(-5.249501333333333, -93.88820433333335)","[162, 164, 165]"
"(4.417165333333334, -83.88820433333335)","[163, 205]"
"(-18.24950133333333, -99.554871)","[157, 163]"
"(117.08383199999999, -79.88820433333335)","[167, 1189, 1225]"
"(112.75049866666666, -82.554871)","[166, 168]"
"(110.41716533333333, -82.88820433333335)","[167, 179]"
"(60.750498666666665, -72.554871)",[170]
"(60.083832, -77.22153766666668)","[169, 171, 178]"
"(57.41716533333334, -79.88820433333335)","[170, 172]"
"(55.750498666666665, -76.554871)","[171, 216]"
"(86.41716533333333, -98.22153766666668)","[174, 186]"
"(84.083832, -100.22153766666668)","[173, 182, 1220]"
"(72.75049866666667, -79.88820433333335)",[176]
"(68.75049866666667, -83.22153766666668)","[175, 177, 188]"
"(63.750498666666665, -83.22153766666668)","[176, 178]"
"(63.41716533333334, -77.554871)","[170, 177]"
"(105.75049866666666, -85.88820433333335)","[168, 180]"
"(103.75049866666666, -88.22153766666668)","[179, 183]"
"(75.083832, -105.22153766666668)","[190, 1222]"
"(81.41716533333333, -97.88820433333335)","[174, 190]"
"(99.08383199999999, -90.22153766666668)","[180, 184]"
"(97.41716533333333, -92.88820433333335)","[183, 185]"
"(92.41716533333333, -95.554871)","[184, 186, 1219]"
"(89.75049866666666, -96.22153766666668)","[173, 185]"
"(66.41716533333333, -97.554871)",[188]
"(69.083832, -93.554871)","[176, 187, 189]"
"(74.41716533333333, -93.554871)","[188, 190]"
"(76.75049866666667, -99.554871)","[181, 182, 189]"
"(-65.916168, -71.88820433333335)","[192, 271]"
"(-64.24950133333333, -74.88820433333335)","[191, 197]"
"(-47.58283466666666, -75.88820433333335)","[194, 211]"
"(-47.58283466666666, -82.554871)","[193, 195]"
"(-54.58283466666666, -87.22153766666668)","[194, 196, 199]"
"(-61.249501333333335, -84.88820433333335)","[151, 195, 198]"
"(-63.916168, -79.22153766666668)","[192, 198]"
"(-61.249501333333335, -77.88820433333335)","[196, 197]"
"(-53.916168, -94.22153766666668)",[195]
"(-25.582834666666667, -95.554871)",[201]
"(-23.916168, -94.88820433333335)","[200, 210]"
"(-32.916168, -68.88820433333333)","[203, 209, 212]"
"(-18.24950133333333, -68.22153766666666)","[202, 204, 207]"
"(-5.249501333333333, -74.88820433333335)","[203, 205, 1192]"
"(-14.249501333333333, -85.554871)","[164, 204, 210]"
"(-31.916168, -91.88820433333335)",[210]
"(-6.582834666666666, -55.888204333333334)","[203, 208]"
"(-15.916167999999999, -52.22153766666667)","[207, 320]"
"(-30.582834666666667, -59.22153766666667)",[202]
"(-28.24950133333333, -91.554871)","[201, 205, 206]"
"(-41.58283466666666, -80.22153766666668)","[193, 212]"
"(-40.58283466666666, -73.554871)","[202, 211]"
"(35.750498666666665, -55.22153766666667)",[214]
"(38.41716533333334, -59.22153766666667)","[213, 215]"
"(37.083832, -63.22153766666667)","[214, 222]"
"(52.750498666666665, -77.22153766666668)","[172, 217]"
"(50.083832, -80.88820433333335)","[216, 221]"
"(39.750498666666665, -87.554871)","[219, 224]"
"(36.41716533333334, -81.554871)","[218, 220]"
"(41.750498666666665, -75.88820433333335)","[219, 221, 223]"
"(47.41716533333334, -75.88820433333335)","[217, 220]"
"(40.750498666666665, -65.554871)","[215, 223]"
"(37.750498666666665, -69.554871)","[220, 222]"
"(35.083832, -89.554871)","[103, 218]"
"(229.03362033333335, -11.290666333333334)",[1243]
"(172.41716533333332, -40.888204333333334)",[246]
"(191.083832, -33.554871)","[228, 1165, 1166]"
"(192.75049866666666, -35.22153766666667)","[227, 229, 242]"
"(191.41716533333332, -37.554871)","[228, 261]"
"(208.083832, -28.221537666666666)","[231, 1244]"
"(204.41716533333332, -30.554871000000002)","[230, 232]"
"(201.75049866666666, -30.554871000000002)","[231, 241, 1160]"
"(154.41716533333332, -61.888204333333334)","[234, 244]"
"(157.41716533333332, -57.22153766666667)","[233, 235]"
"(160.75049866666666, -57.554871)","[234, 240]"
"(131.75049866666666, -64.88820433333335)","[237, 252]"
"(128.083832, -64.22153766666668)","[236, 260]"
"(168.75049866666666, -49.888204333333334)","[239, 248]"
"(168.083832, -52.888204333333334)","[238, 240]"
"(164.41716533333332, -55.22153766666667)","[235, 239]"
"(198.083832, -32.554871)","[232, 242, 1166]"
"(197.083832, -34.888204333333334)","[228, 241]"
"(147.75049866666666, -65.88820433333333)","[244, 249]"
"(149.75049866666666, -61.888204333333334)","[233, 243]"
"(185.083832, -34.554871)","[261, 1165]"
"(173.083832, -43.554871)","[226, 247]"
"(175.41716533333332, -44.888204333333334)","[246, 248, 264]"
"(174.75049866666666, -48.554871)","[238, 247]"
"(142.41716533333332, -66.88820433333335)","[243, 250]"
"(141.75049866666666, -70.554871)","[249, 251]"
"(138.083832, -72.88820433333335)","[250, 255]"
"(131.083832, -68.554871)","[236, 254]"
"(124.08383199999999, -71.88820433333335)","[254, 1224]"
"(128.75049866666666, -71.22153766666668)","[252, 253, 255]"
"(131.41716533333332, -73.554871)","[251, 254, 256]"
"(129.75049866666666, -77.554871)","[255, 1223]"
"(120.75049866666666, -65.554871)",[258]
"(119.08383199999999, -60.22153766666667)","[257, 259]"
"(121.08383199999999, -56.22153766666667)","[258, 260, 298]"
"(126.08383199999999, -58.22153766666667)","[237, 259]"
"(186.41716533333332, -37.22153766666667)","[229, 245, 262]"
"(185.41716533333332, -40.554871)","[261, 263]"
"(181.75049866666666, -42.888204333333334)","[262, 264]"
"(178.75049866666666, -41.554871)","[247, 263]"
"(11.750498666666665, -54.22153766666667)","[266, 270, 1191]"
"(14.417165333333335, -54.554871)",[265]
"(25.417165333333333, -71.88820433333335)",[1218]
"(4.417165333333333, -44.22153766666667)","[269, 375]"
"(7.083832, -45.888204333333334)","[268, 270]"
"(9.083832, -50.554871)","[265, 269]"
"(-69.58283466666667, -68.554871)","[191, 272]"
"(-70.58283466666667, -65.88820433333333)","[271, 279]"
"(-91.91616800000001, -57.22153766666667)","[274, 281]"
"(-85.91616800000001, -53.554871)","[273, 275, 282]"
"(-80.58283466666667, -56.22153766666667)","[274, 276]"
"(-81.24950133333333, -63.88820433333334)","[275, 278, 280]"
"(-83.916168, -72.554871)",[278]
"(-85.91616800000001, -68.88820433333335)","[276, 277]"
"(-72.58283466666667, -61.554871)","[272, 280]"
"(-75.24950133333333, -64.88820433333335)","[276, 279]"
"(-94.24950133333334, -53.554871)",[273]
"(-82.24950133333333, -46.22153766666667)",[274]
"(-130.24950133333334, -49.888204333333334)",[284]
"(-131.58283466666668, -50.22153766666667)","[283, 285]"
"(-132.916168, -53.554871)","[284, 286, 295]"
"(-137.24950133333334, -53.554871)","[285, 292]"
"(-148.58283466666668, -29.221537666666666)","[288, 1157, 1174]"
"(-145.58283466666668, -32.888204333333334)","[287, 289]"
"(-146.24950133333334, -37.888204333333334)","[288, 290, 291]"
"(-150.58283466666668, -37.22153766666667)",[289]
"(-139.916168, -43.888204333333334)","[289, 292]"
"(-140.916168, -48.554871)","[286, 291]"
"(-125.58283466666667, -63.55487100000001)","[131, 294]"
"(-130.58283466666668, -61.888204333333334)","[293, 295]"
"(-129.916168, -56.888204333333334)","[285, 294]"
"(107.75049866666666, -20.221537666666666)",[300]
"(123.08383199999999, -45.554871)",[298]
"(119.75049866666666, -47.554871)","[259, 297, 299]"
"(116.08383199999999, -46.554871)","[298, 312]"
"(106.41716533333333, -20.554871)","[296, 306]"
"(85.75049866666666, -0.5548723333333331)","[302, 491]"
"(89.41716533333333, -1.5548723333333332)","[301, 303]"
"(91.75049866666666, -5.221539)","[302, 304]"
"(91.08383199999999, -8.888207)","[303, 311]"
"(101.75049866666666, -26.221537666666666)","[306, 315]"
"(105.75049866666666, -25.221537666666666)","[300, 305, 307]"
"(109.41716533333333, -28.888204333333334)","[306, 308]"
"(108.41716533333333, -34.22153766666667)","[307, 314]"
"(99.41716533333333, -16.888205666666664)","[310, 315]"
"(95.41716533333333, -14.888207)","[309, 311]"
"(95.75049866666666, -10.888207666666666)","[304, 310]"
"(117.08383199999999, -40.554871)","[299, 313]"
"(112.75049866666666, -40.22153766666667)","[312, 314]"
"(113.41716533333333, -34.554871)","[308, 313]"
"(99.08383199999999, -21.554871000000002)","[305, 309]"
"(-10.249501333333333, -18.888205666666668)","[317, 417]"
"(-10.249501333333333, -24.221537666666666)","[316, 323]"
"(-2.9161680000000003, -43.888204333333334)",[325]
"(-33.916168, -34.22153766666667)",[322]
"(-10.582834666666665, -43.888204333333334)","[208, 321, 325]"
"(-20.24950133333333, -40.554871)","[320, 322, 324]"
"(-25.24950133333333, -32.888204333333334)","[319, 321, 323]"
"(-20.582834666666667, -25.888204333333334)","[317, 322, 405]"
"(-25.916168, -46.888204333333334)",[321]
"(-4.916168, -39.22153766666667)","[318, 320]"
"(-96.24950133333334, -5.554874333333333)",[327]
"(-95.58283466666667, -10.221541)","[326, 332]"
"(-81.916168, -27.888204333333334)","[329, 352]"
"(-85.24950133333333, -26.221537666666666)","[328, 347]"
"(-95.24950133333334, -44.554871)",[331]
"(-92.58283466666667, -43.888204333333334)","[330, 337]"
"(-92.24950133333334, -11.554874333333332)","[327, 333]"
"(-91.91616800000001, -16.221540333333333)","[332, 348, 349]"
"(-54.249501333333335, -19.221539)","[335, 401]"
"(-57.249501333333335, -19.554872333333332)","[334, 340]"
"(-89.24950133333334, -32.22153766666667)","[337, 353]"
"(-92.58283466666667, -35.554871)","[331, 336, 338]"
"(-97.58283466666667, -31.888204333333334)","[337, 339]"
"(-99.58283466666667, -24.554871000000002)","[338, 342, 350]"
"(-61.249501333333335, -22.221537666666666)","[335, 341]"
"(-63.249501333333335, -25.221537666666666)","[340, 343]"
"(-104.91616800000001, -24.888204333333334)",[339]
"(-67.916168, -26.554871000000002)","[341, 344]"
"(-67.916168, -29.221537666666666)","[343, 345]"
"(-70.24950133333333, -31.221537666666666)","[344, 346]"
"(-74.24950133333333, -30.888204333333334)","[345, 351]"
"(-87.58283466666667, -22.888204333333334)","[329, 348]"
"(-87.58283466666667, -19.221538999999996)","[333, 347]"
"(-93.58283466666667, -18.888205666666668)","[333, 350]"
"(-97.24950133333334, -18.221539)","[339, 349]"
"(-76.24950133333333, -34.888204333333334)","[346, 352]"
"(-80.24950133333333, -33.554871)","[328, 351]"
"(-85.58283466666667, -38.22153766666667)",[336]
"(77.41716533333333, -2.5548716666666667)",[355]
"(75.75049866666667, -3.221539)","[354, 359, 457]"
"(87.41716533333333, -24.221537666666666)",[368]
"(80.75049866666667, -7.221540333333333)",[358]
"(76.41716533333333, -9.554874333333332)","[357, 359, 367]"
"(73.75049866666667, -7.2215403333333335)","[355, 358]"
"(65.75049866666667, -36.888204333333334)","[361, 364]"
"(65.41716533333333, -30.888204333333334)","[360, 365]"
"(85.75049866666666, -14.221540333333332)",[368]
"(58.41716533333334, -43.888204333333334)",[364]
"(59.41716533333334, -39.22153766666667)","[360, 363, 1214]"
"(73.083832, -29.554871000000002)","[361, 366]"
"(71.75049866666667, -22.221538999999996)","[365, 367]"
"(77.75049866666667, -17.888206999999998)","[358, 366, 368]"
"(84.41716533333333, -19.554872333333332)","[356, 362, 367]"
"(30.083832, -25.221537666666666)","[373, 1211]"
"(38.41716533333334, -21.554871000000002)","[371, 410]"
"(34.750498666666665, -21.221537666666666)","[370, 372, 1212]"
"(33.083832, -18.221537666666666)","[371, 377]"
"(26.083832, -24.221537666666666)","[369, 374]"
"(26.75049866666667, -22.554871000000002)","[373, 378, 1211]"
"(3.417165333333333, -40.22153766666667)","[268, 376]"
"(1.7504986666666669, -39.22153766666667)","[375, 379]"
"(28.083832, -18.554871)","[372, 378]"
"(25.083832, -21.554871000000002)","[374, 377, 396]"
"(0.41716533333333344, -36.554871)","[376, 380]"
"(1.4171653333333334, -35.22153766666667)","[379, 383]"
"(20.417165333333333, -41.888204333333334)",[382]
"(17.417165333333333, -40.554871)","[381, 391]"
"(3.417165333333333, -35.888204333333334)","[380, 384]"
"(4.417165333333333, -32.888204333333334)","[383, 392, 393]"
"(19.417165333333333, -31.554871000000002)",[390]
"(22.75049866666667, -26.888204333333334)",[387]
"(20.417165333333333, -26.554871000000002)","[386, 394]"
"(16.083832, -26.888204333333334)","[389, 395]"
"(12.083832000000001, -27.554871000000002)","[388, 390]"
"(15.083832000000001, -31.221537666666666)","[385, 389, 391]"
"(13.417165333333335, -35.22153766666667)","[382, 390, 392]"
"(7.750498666666666, -35.22153766666667)","[384, 391]"
"(2.4171653333333336, -30.888204333333334)","[384, 1168]"
"(21.75049866666667, -25.221537666666666)","[387, 395]"
"(18.417165333333333, -25.221537666666666)","[388, 394, 396]"
"(20.083832, -23.221537666666666)","[378, 395]"
"(-21.582834666666667, -10.554875)",[404]
"(-45.58283466666666, -19.554871)",[399]
"(-46.58283466666666, -16.888205666666664)","[398, 400, 402]"
"(-45.916168, -13.554873)","[399, 407]"
"(-51.249501333333335, -15.554873666666666)","[334, 402]"
"(-49.249501333333335, -16.221538999999996)","[399, 401]"
"(-32.249501333333335, -6.554873666666666)","[407, 472]"
"(-20.582834666666667, -13.221540333333332)","[397, 405]"
"(-25.916168, -18.554872333333332)","[323, 404, 406]"
"(-34.58283466666666, -19.221539)","[405, 407]"
"(-37.58283466666666, -12.221539666666665)","[400, 403, 406]"
"(38.083832, -27.221537666666666)","[409, 1210]"
"(41.41716533333334, -27.221537666666666)","[408, 413, 1213]"
"(39.083832, -23.554871000000002)","[370, 411, 1209]"
"(40.41716533333334, -21.888204333333334)","[410, 412]"
"(44.083832, -22.221537666666666)","[411, 413, 1215]"
"(45.41716533333334, -25.221537666666666)","[409, 412]"
"(58.750498666666665, 17.445127666666668)",[431]
"(20.417165333333333, 0.7784610000000004)","[416, 429]"
"(25.417165333333333, -0.2215389999999998)","[415, 419]"
"(-4.249501333333334, -18.888205666666664)","[316, 418, 1167]"
"(-2.2495013333333334, -14.221540333333332)","[417, 421]"
"(30.083832, 2.778461)","[416, 420]"
"(30.417165333333333, 7.445126333333334)","[419, 427]"
"(3.0838319999999992, -14.221540333333332)","[418, 422]"
"(5.083832, -9.221541)","[421, 423]"
"(10.083832, -9.221541)","[422, 428]"
"(46.083832, 17.445127666666668)","[425, 432]"
"(44.750498666666665, 12.445127000000001)","[424, 426]"
"(38.41716533333334, 12.445127000000001)","[425, 427]"
"(37.083832, 7.7784596666666665)","[420, 426]"
"(12.417165333333331, -3.888206333333333)","[423, 429]"
"(17.417165333333333, -4.554873)","[415, 428]"
"(55.083832, 23.445128999999998)","[431, 521]"
"(54.750498666666665, 19.111794333333336)","[414, 430, 432]"
"(51.083832, 16.778459666666667)","[424, 431]"
"(-141.58283466666668, -16.554871)","[449, 1169, 1175]"
"(-127.24950133333334, -15.221537666666665)",[435]
"(-127.24950133333334, -13.888204333333334)","[434, 436, 1172]"
"(-127.91616800000001, -11.554871666666665)","[435, 437, 450]"
"(-124.91616800000001, -7.888204999999999)","[436, 438]"
"(-120.58283466666667, -7.554871666666667)","[437, 453]"
"(-72.58283466666667, 28.111795666666666)","[440, 514]"
"(-74.916168, 23.778462333333334)","[439, 441]"
"(-79.916168, 23.111795666666666)","[440, 454]"
"(-101.91616800000001, 0.7784589999999999)",[443]
"(-105.24950133333334, 2.445126333333333)","[442, 444, 451]"
"(-104.24950133333334, 5.778459666666667)","[443, 445]"
"(-99.24950133333334, 6.4451263333333335)","[444, 447]"
"(-93.24950133333334, 8.445126333333333)",[447]
"(-96.58283466666667, 9.445125666666668)","[445, 446, 448]"
"(-95.58283466666667, 12.778459666666668)","[447, 456]"
"(-135.58283466666668, -14.221537666666665)","[433, 450, 1173]"
"(-132.916168, -11.221538333333333)","[436, 449]"
"(-112.91616800000001, 1.1117936666666668)","[443, 452]"
"(-112.91616800000001, -2.2215396666666667)","[451, 453]"
"(-116.58283466666667, -4.554872333333333)","[438, 452]"
"(-82.58283466666667, 18.111794333333336)","[441, 455]"
"(-86.24950133333334, 16.111793000000002)","[454, 456]"
"(-89.58283466666667, 16.778461)","[448, 455]"
"(73.75049866666667, -2.5548723333333334)","[355, 459]"
"(74.41716533333333, 1.111795)","[459, 1267]"
"(72.75049866666667, -0.22153900000000007)","[457, 458, 460]"
"(69.41716533333333, -0.5548730000000002)","[459, 461]"
"(68.75049866666667, -3.2215396666666667)","[460, 462]"
"(65.75049866666667, -5.888205666666667)","[461, 463]"
"(62.41716533333334, -7.221538333333334)","[462, 467]"
"(51.41716533333334, -11.888205)","[465, 468, 1216]"
"(54.750498666666665, -10.221539)","[464, 466]"
"(58.750498666666665, -11.888205)","[465, 467]"
"(59.41716533333334, -8.888205)","[463, 466]"
"(47.750498666666665, -9.554871666666667)",[464]
"(-54.916168, 5.111791666666667)",[470]
"(-49.916168, 9.111791666666667)","[469, 471, 519]"
"(-40.916168, 6.778459000000001)","[470, 473]"
"(-35.249501333333335, -1.554873)","[403, 473]"
"(-42.916168, -0.8882069999999999)","[471, 472]"
"(173.41716533333332, 16.778459666666667)","[480, 1187]"
"(178.75049866666666, 0.11179233333333327)",[476]
"(176.75049866666666, 3.7784590000000002)","[475, 477]"
"(181.083832, 3.7784583333333335)","[476, 1187]"
"(173.41716533333332, 26.778462333333334)",[480]
"(167.75049866666666, 19.445127666666668)",[480]
"(172.083832, 21.778461000000004)","[474, 478, 479]"
"(105.08383199999999, 16.111793000000002)",[482]
"(107.08383199999999, 18.111794333333332)","[481, 483, 487]"
"(109.41716533333333, 18.778461)",[482]
"(76.75049866666667, 3.7784603333333338)","[495, 1268]"
"(93.41716533333333, 15.445126333333334)","[498, 500]"
"(86.08383199999999, 7.4451263333333335)","[492, 498]"
"(106.08383199999999, 19.11179566666667)","[482, 488]"
"(103.75049866666666, 22.445128999999998)","[487, 489, 499]"
"(104.41716533333333, 27.445128999999998)","[488, 490, 1254]"
"(108.75049866666666, 26.111795666666666)","[489, 545]"
"(86.41716533333333, 4.111794333333333)","[301, 492]"
"(83.083832, 4.445127666666667)","[486, 491]"
"(84.75049866666667, 22.445128999999998)",[494]
"(87.75049866666666, 21.778462333333334)","[493, 497, 1249]"
"(74.41716533333333, 7.778459666666667)","[484, 496]"
"(76.75049866666667, 13.445127)","[495, 497, 1266]"
"(84.083832, 15.778461666666667)","[494, 496, 498]"
"(87.41716533333333, 12.111793666666665)","[485, 486, 497]"
"(97.75049866666666, 22.445128999999998)","[488, 500, 1248]"
"(97.41716533333333, 18.111794333333336)","[485, 499]"
"(-176.58283466666668, 11.111791666666667)","[502, 1171]"
"(-178.58283466666668, 13.778459666666668)","[501, 503]"
"(-175.916168, 18.111794333333332)","[502, 504, 509]"
"(-180.58283466666668, 21.778462333333334)","[503, 505]"
"(-177.916168, 25.445128999999998)","[504, 513]"
"(-182.58283466666668, 40.445129)","[507, 512]"
"(-183.916168, 43.445129)",[506]
"(-169.58283466666668, 14.445126333333334)","[509, 1170, 1171]"
"(-170.24950133333334, 17.778461000000004)","[503, 508]"
"(-192.916168, 32.77846233333333)",[511]
"(-190.58283466666668, 36.77846233333333)","[510, 512, 639]"
"(-184.24950133333334, 35.111795666666666)","[506, 511, 513]"
"(-180.58283466666668, 29.778462333333334)","[505, 512]"
"(-69.916168, 29.778462333333334)","[439, 515]"
"(-67.58283466666667, 26.778462333333334)","[514, 516]"
"(-61.58283466666666, 30.445128999999998)","[515, 517, 573]"
"(-54.249501333333335, 27.445128999999998)","[516, 518]"
"(-56.916168, 20.111794333333336)","[517, 519]"
"(-48.58283466666666, 18.111793000000002)","[470, 518]"
"(63.083832, 19.445129)",[521]
"(60.750498666666665, 22.778462333333334)","[430, 520, 522]"
"(60.083832, 26.778462333333334)","[521, 528]"
"(70.75049866666667, 20.778461)","[528, 1266]"
"(71.41716533333333, 37.111795666666666)","[526, 1262]"
"(61.083832, 37.111795666666666)","[526, 582]"
"(66.41716533333333, 35.445129)","[524, 525, 527]"
"(69.75049866666667, 30.778462333333334)","[526, 528]"
"(67.083832, 26.445128999999998)","[522, 523, 527]"
"(186.75049866666666, 43.77846233333333)","[530, 536]"
"(183.41716533333332, 48.77846233333333)","[529, 531]"
"(186.083832, 52.77846233333333)","[530, 535]"
"(174.41716533333332, 56.445129)",[533]
"(177.41716533333332, 59.445129)","[532, 534, 739]"
"(181.75049866666666, 60.111795666666666)","[533, 535]"
"(184.083832, 56.77846233333333)","[531, 534]"
"(191.75049866666666, 44.111795666666666)","[529, 1183]"
"(130.083832, 31.778462333333334)","[538, 550]"
"(127.75049866666666, 28.445128999999998)","[537, 539]"
"(122.75049866666666, 26.778462333333334)","[538, 548]"
"(113.75049866666666, 23.111795666666666)",[545]
"(120.75049866666666, 47.111795666666666)",[542]
"(123.41716533333333, 42.445129)","[541, 543, 561]"
"(125.08383199999999, 37.445129)","[542, 548]"
"(114.75049866666666, 42.445129)",[547]
"(111.08383199999999, 27.111795666666666)","[490, 540, 546]"
"(110.75049866666666, 32.445129)","[545, 547]"
"(115.08383199999999, 35.77846233333333)","[544, 546, 548]"
"(121.08383199999999, 33.77846233333333)","[539, 543, 547]"
"(145.41716533333332, 43.77846233333333)",[562]
"(131.083832, 32.111795666666666)","[537, 551]"
"(133.75049866666666, 32.445129)","[550, 559]"
"(124.08383199999999, 52.111795666666666)",[553]
"(126.08383199999999, 55.111795666666666)","[552, 554, 723]"
"(130.083832, 56.77846233333333)","[553, 558]"
"(143.083832, 42.111795666666666)","[556, 562]"
"(137.75049866666666, 38.77846233333333)","[555, 557, 559]"
"(133.75049866666666, 44.111795666666666)","[556, 558, 561]"
"(135.75049866666666, 52.445129)","[554, 557, 675]"
"(132.75049866666666, 34.445129)","[551, 556]"
"(142.083832, 37.445129)",[562]
"(126.08383199999999, 44.445129)","[542, 557]"
"(142.41716533333332, 40.445129)","[549, 555, 560]"
"(-44.249501333333335, 41.111795666666666)",[564]
"(-44.249501333333335, 46.111795666666666)","[563, 566, 571]"
"(-46.916168, 57.111795666666666)",[566]
"(-46.916168, 51.111795666666666)","[564, 565, 567]"
"(-49.58283466666666, 44.77846233333333)","[566, 579]"
"(-81.24950133333333, 65.77846233333332)","[569, 754]"
"(-81.916168, 61.77846233333333)","[568, 574]"
"(-39.916168, 52.111795666666666)","[571, 683]"
"(-40.916168, 48.111795666666666)","[564, 570]"
"(-63.916168, 69.77846233333332)","[577, 771]"
"(-63.916168, 37.111795666666666)","[516, 579]"
"(-78.916168, 63.44512899999999)","[569, 575]"
"(-78.58283466666667, 57.445129)","[574, 576]"
"(-75.24950133333333, 52.77846233333333)","[575, 577]"
"(-67.916168, 58.77846233333332)","[572, 576, 578]"
"(-58.916168, 55.445129)","[577, 579]"
"(-57.916168, 45.111795666666666)","[567, 573, 578]"
"(32.750498666666665, 101.445129)",[581]
"(34.083832, 98.11179566666665)","[580, 624, 804]"
"(63.083832, 41.111795666666666)","[525, 613]"
"(48.750498666666665, 65.77846233333334)","[584, 600, 611]"
"(46.083832, 64.445129)","[583, 585, 593]"
"(41.750498666666665, 66.11179566666665)","[584, 606]"
"(56.083832, 56.111795666666666)",[601]
"(43.750498666666665, 88.445129)","[588, 814]"
"(43.41716533333334, 86.77846233333332)","[587, 589]"
"(41.41716533333334, 85.445129)","[588, 590]"
"(39.750498666666665, 87.77846233333332)","[589, 608, 627]"
"(57.083832, 69.445129)",[592]
"(55.083832, 70.445129)","[591, 594]"
"(46.41716533333334, 59.445129)","[584, 603]"
"(53.083832, 68.445129)","[592, 595]"
"(54.083832, 66.11179566666667)","[594, 596]"
"(53.083832, 64.445129)","[595, 599]"
"(44.083832, 105.445129)","[598, 893]"
"(44.750498666666665, 102.11179566666665)","[597, 626]"
"(51.41716533333334, 65.11179566666667)","[596, 600]"
"(51.083832, 63.445129)","[583, 599]"
"(54.083832, 57.77846233333333)","[586, 602, 604]"
"(52.083832, 55.111795666666666)","[601, 603, 617]"
"(48.750498666666665, 55.445129)","[593, 602]"
"(53.750498666666665, 59.77846233333333)",[601]
"(44.41716533333334, 73.445129)",[606]
"(41.750498666666665, 70.77846233333332)","[585, 605, 607]"
"(38.083832, 71.445129)","[606, 622]"
"(37.41716533333334, 87.77846233333332)","[590, 609]"
"(35.083832, 83.77846233333332)","[608, 610, 623]"
"(31.083832, 84.445129)","[609, 801]"
"(48.083832, 68.445129)",[583]
"(63.083832, 46.445129)",[613]
"(60.750498666666665, 43.445129)","[582, 612, 614]"
"(56.750498666666665, 43.445129)","[613, 616]"
"(58.41716533333334, 52.111795666666666)","[616, 1205]"
"(56.41716533333334, 48.77846233333333)","[614, 615, 617]"
"(52.750498666666665, 49.111795666666666)","[602, 616]"
"(49.083832, 96.77846233333332)",[619]
"(47.41716533333334, 94.11179566666665)","[618, 620, 832]"
"(44.750498666666665, 93.445129)","[619, 627]"
"(41.083832, 79.445129)",[622]
"(38.41716533333334, 76.77846233333332)","[607, 621, 623]"
"(34.750498666666665, 77.77846233333332)","[609, 622]"
"(36.083832, 94.77846233333332)","[581, 625]"
"(37.083832, 99.11179566666665)","[624, 626]"
"(41.41716533333334, 98.445129)","[598, 625, 627]"
"(42.41716533333334, 93.445129)","[590, 620, 626]"
"(-214.916168, 77.11179566666665)",[629]
"(-215.58283466666668, 73.445129)","[628, 630, 634]"
"(-218.916168, 73.11179566666665)",[629]
"(-201.916168, 73.11179566666665)","[632, 785]"
"(-205.916168, 69.77846233333334)","[631, 633, 637]"
"(-210.58283466666668, 69.445129)","[632, 634]"
"(-210.58283466666668, 73.445129)","[629, 633]"
"(-204.58283466666668, 56.77846233333333)","[636, 638]"
"(-198.916168, 56.445129)","[635, 641]"
"(-208.58283466666668, 63.111795666666666)","[632, 638]"
"(-204.24950133333334, 63.111795666666666)","[635, 637]"
"(-191.24950133333334, 45.445129)","[511, 640]"
"(-197.24950133333334, 47.111795666666666)","[639, 641]"
"(-195.916168, 52.77846233333333)","[636, 640]"
"(110.08383199999999, 58.111795666666666)","[643, 716, 1245]"
"(110.75049866666666, 55.77846233333333)","[642, 644, 696]"
"(110.41716533333333, 53.77846233333333)","[643, 645]"
"(109.08383199999999, 54.445129)","[644, 647]"
"(107.08383199999999, 51.77846233333333)",[647]
"(108.41716533333333, 51.111795666666666)","[645, 646, 648]"
"(109.08383199999999, 49.111795666666666)","[647, 649]"
"(107.41716533333333, 47.445129)","[648, 651, 1246]"
"(103.75049866666666, 42.77846233333333)","[651, 1246, 1255]"
"(104.75049866666666, 45.445129)","[649, 650]"
"(137.75049866666666, 75.11179566666665)",[671]
"(148.083832, 45.111795666666666)",[654]
"(150.75049866666666, 46.445129)","[653, 667]"
"(130.41716533333332, 71.445129)","[656, 697]"
"(131.41716533333332, 70.445129)","[655, 657, 660]"
"(130.75049866666666, 69.11179566666665)","[656, 1251, 1252]"
"(137.083832, 70.445129)","[662, 670]"
"(144.41716533333332, 70.445129)","[669, 672]"
"(133.083832, 71.445129)","[656, 661]"
"(134.75049866666666, 71.445129)","[660, 662]"
"(135.41716533333332, 69.11179566666665)","[658, 661, 1251]"
"(160.75049866666666, 55.111795666666666)","[674, 679]"
"(142.41716533333332, 80.445129)","[665, 1179]"
"(143.75049866666666, 81.11179566666665)","[664, 666]"
"(145.41716533333332, 80.11179566666665)","[665, 676]"
"(149.75049866666666, 47.445129)","[654, 675]"
"(146.41716533333332, 75.11179566666665)","[669, 676]"
"(142.41716533333332, 72.445129)","[659, 668, 670]"
"(139.41716533333332, 72.77846233333332)","[658, 669, 671]"
"(140.41716533333332, 75.77846233333332)","[652, 670]"
"(140.41716533333332, 66.445129)","[659, 673, 677]"
"(149.75049866666666, 64.11179566666667)","[672, 674, 736]"
"(151.41716533333332, 56.111795666666666)","[663, 673, 675]"
"(145.41716533333332, 52.111795666666666)","[558, 667, 674]"
"(146.41716533333332, 77.445129)","[666, 668, 740]"
"(135.083832, 63.77846233333332)",[672]
"(163.083832, 54.77846233333333)",[679]
"(159.75049866666666, 52.445129)","[663, 678]"
"(2.083832, 71.445129)",[681]
"(-1.916168, 72.77846233333332)","[680, 682, 689]"
"(-1.5828346666666668, 76.11179566666665)","[681, 807]"
"(-35.58283466666666, 50.445129)","[570, 684]"
"(-34.249501333333335, 54.77846233333333)","[683, 692]"
"(-10.249501333333333, 71.445129)","[686, 689]"
"(-10.916168, 67.77846233333334)","[685, 687]"
"(-16.24950133333333, 68.11179566666667)","[686, 688]"
"(-16.24950133333333, 63.77846233333333)","[687, 691]"
"(-5.249501333333334, 70.77846233333332)","[681, 685]"
"(-23.916168, 63.11179566666666)","[691, 694]"
"(-19.916168, 61.445129)","[688, 690]"
"(-29.582834666666667, 53.77846233333333)","[684, 693]"
"(-28.582834666666667, 58.77846233333333)","[692, 694]"
"(-24.916168, 57.77846233333333)","[690, 693]"
"(113.08383199999999, 51.77846233333333)",[696]
"(112.41716533333333, 53.77846233333333)","[643, 695, 725]"
"(128.75049866666666, 71.445129)","[655, 698, 1253]"
"(128.41716533333332, 72.77846233333332)","[697, 699]"
"(126.75049866666666, 72.77846233333332)","[698, 700, 1250]"
"(126.08383199999999, 71.11179566666665)","[699, 701, 1253]"
"(124.75049866666666, 70.445129)","[700, 705]"
"(118.08383199999999, 72.445129)","[703, 718]"
"(119.75049866666666, 73.11179566666665)","[702, 704, 1230]"
"(121.75049866666666, 72.445129)","[703, 705, 1250]"
"(122.08383199999999, 70.445129)","[701, 704, 714]"
"(115.75049866666666, 53.445129)",[727]
"(115.41716533333333, 70.445129)",[708]
"(115.08383199999999, 69.11179566666665)","[707, 713]"
"(113.41716533333333, 62.77846233333333)","[710, 717, 719]"
"(117.08383199999999, 64.11179566666665)","[709, 711, 715]"
"(121.75049866666666, 61.77846233333333)","[710, 712, 722]"
"(121.08383199999999, 58.445129)","[711, 723, 726]"
"(116.41716533333333, 68.445129)","[708, 714]"
"(118.75049866666666, 68.77846233333332)","[705, 713, 715]"
"(120.41716533333333, 67.77846233333332)","[710, 714]"
"(110.75049866666666, 58.77846233333333)","[642, 717, 1245]"
"(111.41716533333333, 60.111795666666666)","[709, 716]"
"(117.08383199999999, 71.445129)",[702]
"(113.08383199999999, 65.445129)",[709]
"(119.41716533333333, 54.77846233333333)",[727]
"(100.41716533333333, 99.77846233333332)","[1196, 1238]"
"(126.08383199999999, 64.11179566666667)",[711]
"(124.41716533333333, 57.445129)","[553, 712]"
"(117.08383199999999, 75.81278466666667)","[1230, 1231]"
"(112.75049866666666, 56.111795666666666)","[696, 726, 1245]"
"(116.08383199999999, 56.111795666666666)","[712, 725, 727]"
"(117.41716533333333, 54.77846233333333)","[706, 720, 726]"
"(166.083832, 57.111795666666666)",[729]
"(168.75049866666666, 58.111795666666666)","[728, 743]"
"(151.083832, 83.445129)",[731]
"(152.41716533333332, 83.77846233333332)","[730, 732, 868]"
"(154.083832, 82.77846233333332)","[731, 742]"
"(159.75049866666666, 85.77846233333332)","[734, 870]"
"(165.083832, 84.445129)","[733, 738]"
"(171.75049866666666, 64.445129)","[736, 739, 743]"
"(164.083832, 68.77846233333332)","[673, 735, 737]"
"(161.41716533333332, 76.445129)","[736, 738, 742]"
"(168.75049866666666, 79.445129)","[734, 737]"
"(177.75049866666666, 66.445129)","[533, 735]"
"(148.41716533333332, 75.445129)","[676, 741]"
"(149.75049866666666, 77.77846233333332)","[740, 742]"
"(152.75049866666666, 78.77846233333332)","[732, 737, 741]"
"(167.75049866666666, 59.111795666666666)","[729, 735]"
"(-79.58283466666667, 68.77846233333332)","[745, 768]"
"(-81.24950133333333, 70.445129)","[744, 754]"
"(-127.58283466666667, 126.445129)","[750, 779]"
"(-119.58283466666667, 131.77846233333335)","[748, 1029]"
"(-118.24950133333334, 128.445129)","[747, 749]"
"(-120.91616800000001, 125.11179566666668)","[748, 750, 758]"
"(-124.91616800000001, 124.44512900000001)","[746, 749]"
"(-110.58283466666667, 106.445129)","[752, 760]"
"(-106.58283466666667, 106.77846233333332)","[751, 753]"
"(-103.91616800000001, 102.11179566666665)","[752, 765]"
"(-83.24950133333333, 68.445129)","[568, 745, 755]"
"(-86.91616800000001, 69.11179566666665)","[754, 756]"
"(-89.91616800000001, 73.77846233333332)","[755, 757]"
"(-88.91616800000001, 77.11179566666665)","[756, 766]"
"(-118.91616800000001, 119.11179566666665)","[749, 759]"
"(-114.24950133333334, 117.445129)","[758, 760]"
"(-113.91616800000001, 111.11179566666665)","[751, 759]"
"(-94.91616800000001, 87.11179566666665)","[762, 767]"
"(-99.58283466666667, 89.11179566666665)","[761, 763]"
"(-98.91616800000001, 93.11179566666665)","[762, 764]"
"(-101.24950133333334, 96.445129)","[763, 765]"
"(-104.91616800000001, 97.11179566666665)","[753, 764]"
"(-91.24950133333334, 80.77846233333332)","[757, 767]"
"(-95.24950133333334, 82.445129)","[761, 766]"
"(-79.24950133333333, 70.11179566666665)","[744, 769]"
"(-78.24950133333333, 69.77846233333332)","[768, 770]"
"(-73.916168, 74.11179566666665)","[769, 771, 778]"
"(-67.58283466666667, 75.11179566666665)","[572, 770]"
"(-66.24950133333333, 86.11179566666665)",[777]
"(-86.58283466666667, 89.77846233333332)",[775]
"(-74.916168, 94.11179566666665)",[776]
"(-84.916168, 86.11179566666665)","[773, 776]"
"(-77.916168, 87.445129)","[774, 775, 777]"
"(-72.58283466666667, 83.77846233333332)","[772, 776, 778]"
"(-76.24950133333333, 77.445129)","[770, 777]"
"(-131.24950133333334, 121.77846233333332)","[746, 780]"
"(-135.58283466666668, 121.11179566666665)","[779, 783]"
"(-176.24950133333334, 90.77846233333332)","[782, 790]"
"(-180.58283466666668, 90.445129)","[781, 793]"
"(-140.24950133333334, 115.77846233333332)","[780, 784]"
"(-144.58283466666668, 115.11179566666665)","[783, 787]"
"(-197.58283466666668, 76.445129)","[631, 786]"
"(-195.58283466666668, 80.445129)","[785, 794]"
"(-149.24950133333334, 109.77846233333332)","[784, 788]"
"(-153.58283466666668, 109.11179566666665)","[787, 791]"
"(-167.24950133333334, 97.11179566666665)","[790, 792]"
"(-171.58283466666668, 96.77846233333332)","[781, 789]"
"(-158.24950133333334, 103.445129)","[788, 792]"
"(-162.58283466666668, 102.77846233333332)","[789, 791]"
"(-186.58283466666668, 86.445129)","[782, 794]"
"(-188.24950133333334, 82.445129)","[786, 793]"
"(9.083832, 112.77846233333332)","[796, 1176]"
"(10.750498666666665, 112.445129)","[795, 797, 1176]"
"(16.083832, 107.445129)","[796, 798]"
"(17.75049866666667, 103.11179566666665)","[797, 813, 1188]"
"(24.083832, 98.77846233333332)","[800, 803, 813]"
"(28.417165333333333, 94.445129)","[799, 801, 805]"
"(27.417165333333333, 89.445129)","[610, 800, 802]"
"(23.75049866666667, 88.11179566666665)","[801, 810]"
"(26.083832, 102.77846233333332)",[799]
"(32.750498666666665, 97.445129)","[581, 805]"
"(33.750498666666665, 94.11179566666665)","[800, 804]"
"(13.083832, 85.445129)","[809, 812]"
"(4.083831999999999, 75.445129)","[682, 808]"
"(6.083831999999998, 79.77846233333332)","[807, 809]"
"(10.750498666666665, 79.77846233333332)","[806, 808]"
"(19.75049866666667, 89.77846233333332)","[802, 811]"
"(19.75049866666667, 86.11179566666665)","[810, 812]"
"(16.417165333333333, 84.11179566666665)","[806, 811]"
"(20.417165333333333, 98.445129)","[798, 799, 1188]"
"(44.750498666666665, 88.445129)","[587, 831]"
"(79.083832, 111.77846233333332)","[816, 927]"
"(79.75049866666667, 109.445129)","[815, 817]"
"(78.41716533333333, 107.445129)","[816, 818, 1202]"
"(75.75049866666667, 108.11179566666665)","[817, 836]"
"(77.41716533333333, 93.77846233333332)",[820]
"(76.083832, 93.11179566666665)","[819, 825]"
"(69.41716533333333, 91.77846233333332)","[822, 839]"
"(64.75049866666667, 93.77846233333332)","[821, 823, 828]"
"(61.750498666666665, 98.11179566666665)","[822, 824]"
"(66.083832, 102.11179566666665)","[823, 838, 890]"
"(75.75049866666667, 90.445129)","[820, 826, 1204]"
"(74.083832, 89.77846233333332)","[825, 839]"
"(55.41716533333334, 90.77846233333332)","[828, 840]"
"(59.41716533333334, 89.11179566666665)","[822, 827, 829]"
"(60.41716533333334, 84.445129)","[828, 835]"
"(48.41716533333334, 84.77846233333332)",[834]
"(45.750498666666665, 87.445129)","[814, 832]"
"(47.41716533333334, 89.445129)","[619, 831, 833]"
"(50.41716533333334, 89.77846233333332)","[832, 834]"
"(51.083832, 87.77846233333332)","[830, 833, 840]"
"(58.41716533333334, 81.445129)",[829]
"(75.41716533333333, 104.77846233333332)","[818, 837]"
"(73.41716533333333, 102.77846233333332)","[836, 838]"
"(71.41716533333333, 104.77846233333332)","[824, 837]"
"(72.41716533333333, 93.77846233333332)","[821, 826]"
"(53.750498666666665, 87.77846233333332)","[827, 834]"
"(146.41716533333332, 88.77846233333332)",[842]
"(144.75049866666666, 89.77846233333332)","[841, 843]"
"(143.41716533333332, 87.11179566666665)","[842, 863]"
"(113.08383199999999, 124.445129)","[858, 1200, 1257]"
"(108.08383199999999, 112.11179566666665)","[847, 1195, 1198]"
"(130.083832, 88.77846233333332)",[865]
"(106.41716533333333, 112.445129)","[845, 848]"
"(105.75049866666666, 113.77846233333332)","[847, 849]"
"(107.08383199999999, 115.77846233333332)","[848, 853]"
"(126.75049866666666, 83.77846233333332)","[851, 1227]"
"(130.083832, 83.445129)","[850, 852, 865]"
"(130.083832, 81.445129)","[851, 857, 861]"
"(108.75049866666666, 116.77846233333332)","[849, 860, 1197]"
"(139.75049866666666, 95.11179566666665)",[855]
"(136.75049866666666, 93.445129)","[854, 856, 862]"
"(133.75049866666666, 94.11179566666665)",[855]
"(127.41716533333333, 80.11179566666665)","[852, 1229]"
"(110.75049866666666, 124.445129)","[844, 859]"
"(109.75049866666666, 121.77846233333332)","[858, 860, 866]"
"(108.41716533333333, 119.77846233333332)","[853, 859]"
"(133.083832, 80.445129)",[852]
"(138.083832, 90.77846233333332)","[855, 863]"
"(139.083832, 87.77846233333332)","[843, 862, 864]"
"(136.41716533333332, 85.445129)","[863, 865, 1178]"
"(132.41716533333332, 86.445129)","[846, 851, 864]"
"(112.41716533333333, 119.445129)","[859, 867, 1197]"
"(115.08383199999999, 120.445129)","[866, 1257]"
"(153.41716533333332, 86.11179566666665)","[731, 869]"
"(155.083832, 86.11179566666665)","[868, 870]"
"(159.41716533333332, 87.77846233333332)","[733, 869, 871]"
"(162.41716533333332, 90.77846233333332)","[870, 876]"
"(150.083832, 96.11179566666665)",[881]
"(147.41716533333332, 100.77846233333332)",[881]
"(167.75049866666666, 96.77846233333332)",[884]
"(153.083832, 90.77846233333332)",[876]
"(157.41716533333332, 92.445129)","[871, 875, 884]"
"(140.083832, 111.11179566666665)",[878]
"(146.083832, 113.445129)","[877, 879, 986]"
"(153.41716533333332, 111.11179566666665)","[878, 880]"
"(150.41716533333332, 106.11179566666665)","[879, 882]"
"(149.41716533333332, 98.77846233333332)","[872, 873, 882]"
"(153.75049866666666, 102.11179566666665)","[880, 881, 883]"
"(161.083832, 100.77846233333332)","[882, 884]"
"(162.083832, 96.11179566666665)","[874, 876, 883]"
"(51.083832, 99.11179566666665)",[886]
"(52.083832, 100.11179566666665)","[885, 892]"
"(53.750498666666665, 104.77846233333332)","[888, 894]"
"(55.41716533333334, 110.11179566666665)","[887, 889]"
"(61.083832, 109.11179566666665)","[888, 890, 897]"
"(65.083832, 105.77846233333332)","[824, 889]"
"(59.41716533333334, 119.11179566666665)",[898]
"(50.750498666666665, 101.11179566666665)","[886, 893]"
"(48.750498666666665, 104.11179566666665)","[597, 892, 894]"
"(49.750498666666665, 108.11179566666665)","[887, 893]"
"(74.75049866666667, 118.77846233333332)","[899, 924]"
"(69.083832, 113.11179566666665)",[897]
"(65.083832, 114.445129)","[889, 896, 898]"
"(62.750498666666665, 117.445129)","[891, 897, 900]"
"(72.75049866666667, 117.77846233333332)","[895, 900]"
"(68.41716533333333, 118.77846233333332)","[898, 899, 901]"
"(67.41716533333333, 121.445129)","[900, 902]"
"(71.083832, 124.11179566666665)","[901, 910]"
"(112.41716533333333, 129.11179566666667)",[920]
"(87.08383199999999, 111.77846233333332)",[930]
"(92.75049866666666, 118.77846233333332)",[933]
"(92.41716533333333, 104.445129)",[907]
"(91.41716533333333, 105.445129)","[906, 954]"
"(83.41716533333333, 122.11179566666665)",[909]
"(79.75049866666667, 122.11179566666665)","[908, 910, 931]"
"(77.41716533333333, 125.11179566666665)","[902, 909, 911]"
"(79.083832, 129.11179566666667)","[910, 918]"
"(118.41716533333333, 131.11179566666667)","[913, 965]"
"(117.75049866666666, 129.77846233333335)","[912, 914]"
"(115.75049866666666, 129.445129)","[913, 920, 1199]"
"(104.08383199999999, 134.11179566666667)",[916]
"(100.08383199999999, 132.445129)","[915, 949]"
"(88.08383199999999, 128.77846233333335)","[918, 945]"
"(85.75049866666666, 130.77846233333335)","[911, 917, 919]"
"(87.08383199999999, 135.11179566666667)","[918, 959]"
"(114.08383199999999, 130.445129)","[903, 914, 921]"
"(112.41716533333333, 131.445129)","[920, 922]"
"(112.08383199999999, 133.11179566666667)","[921, 923]"
"(113.75049866666666, 133.77846233333335)","[922, 939]"
"(75.41716533333333, 118.11179566666665)","[895, 925]"
"(76.75049866666667, 118.11179566666665)","[924, 926, 931]"
"(77.41716533333333, 115.77846233333332)","[925, 927]"
"(76.75049866666667, 113.445129)","[815, 926]"
"(97.75049866666666, 114.445129)",[932]
"(87.41716533333333, 107.11179566666665)",[930]
"(88.75049866666666, 109.11179566666665)","[904, 929, 955]"
"(77.083832, 119.77846233333332)","[909, 925]"
"(95.41716533333333, 115.445129)","[928, 933, 942]"
"(95.08383199999999, 117.445129)","[905, 932, 934]"
"(96.75049866666666, 119.445129)","[933, 935]"
"(99.41716533333333, 120.11179566666665)","[934, 957]"
"(105.75049866666666, 146.77846233333335)","[937, 1042]"
"(105.41716533333333, 143.77846233333335)","[936, 938, 962]"
"(101.08383199999999, 141.11179566666667)","[937, 958]"
"(116.08383199999999, 133.11179566666667)","[923, 940]"
"(115.75049866666666, 135.11179566666667)","[939, 941]"
"(116.75049866666666, 136.11179566666667)","[940, 952, 967]"
"(92.41716533333333, 113.77846233333332)","[932, 956]"
"(93.75049866666666, 130.445129)","[944, 948]"
"(92.08383199999999, 128.11179566666667)","[943, 945]"
"(89.75049866666666, 127.77846233333334)","[917, 944]"
"(97.75049866666666, 123.77846233333332)","[947, 957]"
"(96.41716533333333, 125.77846233333332)","[946, 948]"
"(96.41716533333333, 127.77846233333334)","[943, 947, 949]"
"(98.75049866666666, 128.445129)","[916, 948, 963]"
"(112.41716533333333, 139.11179566666667)",[951]
"(113.41716533333333, 140.77846233333335)","[950, 952, 960]"
"(115.41716533333333, 139.445129)","[941, 951]"
"(95.41716533333333, 108.11179566666665)",[954]
"(93.41716533333333, 107.77846233333332)","[907, 953, 955]"
"(92.08383199999999, 109.445129)","[930, 954, 956]"
"(93.75049866666666, 111.77846233333332)","[942, 955]"
"(100.08383199999999, 122.77846233333332)","[935, 946]"
"(95.41716533333333, 140.445129)","[938, 959]"
"(93.41716533333333, 136.445129)","[919, 958]"
"(112.08383199999999, 142.77846233333335)","[951, 961]"
"(109.41716533333333, 142.11179566666667)","[960, 962]"
"(109.75049866666666, 143.445129)","[937, 961]"
"(101.41716533333333, 126.77846233333334)",[949]
"(136.41716533333332, 116.445129)",[973]
"(120.08383199999999, 132.445129)","[912, 966]"
"(119.41716533333333, 133.445129)","[965, 967]"
"(118.75049866666666, 135.445129)","[941, 966, 968]"
"(119.75049866666666, 137.77846233333335)","[967, 981]"
"(122.75049866666666, 144.77846233333335)","[970, 1044]"
"(128.75049866666666, 143.445129)","[969, 971]"
"(128.083832, 138.445129)","[970, 975, 981]"
"(132.083832, 124.11179566666665)","[987, 1180]"
"(138.41716533333332, 116.77846233333332)","[964, 983, 1193]"
"(129.083832, 131.11179566666667)","[975, 982]"
"(131.75049866666666, 133.77846233333335)","[971, 974, 976]"
"(135.75049866666666, 134.11179566666667)","[975, 977]"
"(137.75049866666666, 130.445129)","[976, 978]"
"(139.41716533333332, 127.77846233333334)","[977, 984]"
"(134.41716533333332, 120.11179566666665)",[987]
"(123.75049866666666, 134.445129)",[981]
"(123.08383199999999, 136.77846233333335)","[968, 971, 980]"
"(128.75049866666666, 129.445129)","[974, 1182]"
"(136.41716533333332, 120.11179566666665)","[973, 984, 987]"
"(138.75049866666666, 123.11179566666665)","[978, 983, 985]"
"(145.083832, 123.445129)","[984, 986]"
"(149.083832, 120.445129)","[878, 985]"
"(134.083832, 122.445129)","[972, 979, 983]"
"(-38.249501333333335, 191.77846233333335)",[989]
"(-35.249501333333335, 191.1117956666667)","[988, 990, 1016]"
"(-35.58283466666666, 186.77846233333335)","[989, 994]"
"(-1.5828346666666666, 122.445129)","[992, 1177]"
"(-3.2495013333333334, 124.445129)","[991, 993]"
"(-2.9161680000000003, 127.77846233333332)","[992, 999]"
"(-38.916168, 185.44512900000004)","[990, 1019]"
"(-30.582834666666667, 170.445129)","[996, 1002]"
"(-33.249501333333335, 172.1117956666667)","[995, 997]"
"(-35.58283466666666, 175.44512900000004)","[996, 998]"
"(-35.916168, 178.44512900000004)","[997, 1019]"
"(-6.249501333333334, 132.445129)","[993, 1000]"
"(-8.249501333333335, 132.77846233333335)","[999, 1001]"
"(-10.582834666666669, 136.445129)","[1000, 1008]"
"(-30.582834666666667, 166.77846233333335)","[995, 1003]"
"(-27.582834666666667, 164.11179566666667)","[1002, 1004]"
"(-27.24950133333333, 160.445129)","[1003, 1005]"
"(-24.24950133333333, 155.77846233333335)","[1004, 1006]"
"(-21.24950133333333, 154.77846233333335)","[1005, 1007]"
"(-20.24950133333333, 151.11179566666667)","[1006, 1013]"
"(-11.916168, 140.77846233333335)","[1001, 1009]"
"(-14.582834666666665, 142.445129)","[1008, 1012]"
"(-24.582834666666667, 189.77846233333335)","[1011, 1018]"
"(-28.24950133333333, 189.77846233333335)","[1010, 1016]"
"(-16.916168, 146.11179566666667)","[1009, 1013]"
"(-17.24950133333333, 149.445129)","[1007, 1012]"
"(-56.58283466666666, 174.1117956666667)","[1015, 1034]"
"(-52.249501333333335, 174.1117956666667)","[1014, 1021]"
"(-31.582834666666667, 192.77846233333335)","[989, 1011]"
"(-17.582834666666667, 195.1117956666667)","[1018, 1117]"
"(-22.24950133333333, 194.44512900000004)","[1010, 1017]"
"(-38.916168, 182.1117956666667)","[994, 998, 1020]"
"(-42.58283466666666, 179.44512900000004)","[1019, 1021]"
"(-46.916168, 180.1117956666667)","[1015, 1020, 1022]"
"(-46.58283466666666, 183.44512900000004)",[1021]
"(-72.24950133333333, 157.77846233333335)",[1026]
"(-75.58283466666667, 156.11179566666667)",[1026]
"(-67.916168, 159.445129)",[1031]
"(-74.24950133333333, 157.445129)","[1023, 1024, 1027]"
"(-77.24950133333333, 157.77846233333335)","[1026, 1028, 1039]"
"(-76.58283466666667, 160.445129)","[1027, 1031]"
"(-115.24950133333334, 134.77846233333335)","[747, 1030]"
"(-110.58283466666667, 135.445129)","[1029, 1035]"
"(-70.916168, 161.77846233333335)","[1025, 1028, 1032]"
"(-70.24950133333333, 164.77846233333335)","[1031, 1033]"
"(-65.24950133333333, 168.11179566666667)","[1032, 1034]"
"(-61.249501333333335, 168.11179566666667)","[1014, 1033]"
"(-107.24950133333334, 140.11179566666667)","[1030, 1036]"
"(-101.91616800000001, 141.11179566666667)","[1035, 1037]"
"(-99.58283466666667, 145.445129)","[1036, 1040]"
"(-86.91616800000001, 154.11179566666667)","[1039, 1041]"
"(-82.58283466666667, 154.445129)","[1027, 1038]"
"(-93.58283466666667, 147.11179566666667)","[1037, 1041]"
"(-91.91616800000001, 151.11179566666667)","[1038, 1040]"
"(111.41716533333333, 147.445129)","[936, 1048]"
"(98.08383199999999, 168.77846233333335)",[1052]
"(120.75049866666666, 146.77846233333335)","[969, 1047]"
"(116.41716533333333, 159.11179566666667)","[1046, 1050]"
"(119.41716533333333, 154.445129)","[1045, 1047]"
"(116.08383199999999, 150.77846233333335)","[1044, 1046, 1048]"
"(108.75049866666666, 151.11179566666667)","[1042, 1047]"
"(115.75049866666666, 170.77846233333335)",[1050]
"(111.75049866666666, 165.77846233333335)","[1045, 1049, 1051]"
"(105.41716533333333, 165.445129)","[1050, 1052]"
"(102.41716533333333, 171.77846233333335)","[1043, 1051, 1072]"
"(3.417165333333333, 168.445129)",[1054]
"(2.4171653333333336, 170.77846233333335)","[1053, 1056]"
"(23.75049866666667, 188.77846233333335)",[1060]
"(7.083832, 172.1117956666667)","[1054, 1057]"
"(3.417165333333333, 178.1117956666667)","[1056, 1058, 1062]"
"(-3.582834666666667, 180.44512900000004)",[1057]
"(21.083832, 179.77846233333335)",[1061]
"(21.417165333333333, 192.1117956666667)","[1055, 1061]"
"(19.083832, 185.77846233333335)","[1059, 1060, 1062]"
"(9.750498666666667, 186.1117956666667)","[1057, 1061, 1063]"
"(1.4171653333333338, 192.1117956666667)","[1062, 1121]"
"(66.083832, 224.77846233333335)",[1065]
"(69.75049866666667, 227.77846233333335)","[1064, 1076, 1155]"
"(77.75049866666667, 215.1117956666667)","[1067, 1078]"
"(83.41716533333333, 213.77846233333335)","[1066, 1068]"
"(82.083832, 208.44512900000004)","[1067, 1081]"
"(92.41716533333333, 180.77846233333335)",[1070]
"(95.75049866666666, 184.44512900000004)","[1069, 1071, 1075]"
"(101.41716533333333, 184.1117956666667)","[1070, 1072]"
"(104.41716533333333, 179.44512900000004)","[1052, 1071]"
"(87.41716533333333, 191.77846233333335)",[1074]
"(91.08383199999999, 194.1117956666667)","[1073, 1075, 1079]"
"(96.75049866666666, 192.1117956666667)","[1070, 1074]"
"(75.083832, 227.44512900000004)","[1065, 1077]"
"(78.083832, 223.1117956666667)","[1076, 1078]"
"(75.083832, 219.77846233333335)","[1066, 1077]"
"(92.41716533333333, 200.44512900000004)","[1074, 1080]"
"(86.75049866666666, 202.1117956666667)","[1079, 1081]"
"(88.08383199999999, 207.1117956666667)","[1068, 1080]"
"(69.41716533333333, 212.77846233333335)",[1083]
"(69.41716533333333, 214.44512900000004)","[1082, 1084]"
"(68.083832, 215.77846233333335)","[1083, 1085]"
"(66.75049866666667, 218.77846233333335)","[1084, 1098]"
"(26.083832, 220.77846233333335)",[1087]
"(23.417165333333333, 223.1117956666667)","[1086, 1088, 1105]"
"(25.083832, 227.1117956666667)","[1087, 1116]"
"(33.750498666666665, 191.44512900000004)",[1091]
"(36.41716533333334, 193.44512900000004)","[1091, 1114]"
"(34.083832, 194.77846233333335)","[1089, 1090, 1092]"
"(30.083832, 199.77846233333335)","[1091, 1093]"
"(30.083832, 203.1117956666667)","[1092, 1094]"
"(25.083832, 207.1117956666667)","[1093, 1095]"
"(25.417165333333333, 210.44512900000004)","[1094, 1106]"
"(50.083832, 200.77846233333335)",[1097]
"(47.41716533333334, 201.1117956666667)","[1096, 1110, 1113]"
"(63.083832, 219.1117956666667)","[1085, 1099]"
"(63.083832, 215.1117956666667)","[1098, 1100]"
"(59.083832, 212.1117956666667)","[1099, 1101]"
"(54.083832, 212.77846233333335)","[1100, 1109]"
"(22.083832, 215.77846233333335)","[1103, 1106]"
"(19.75049866666667, 214.44512900000004)","[1102, 1104]"
"(17.417165333333333, 217.1117956666667)","[1103, 1105, 1122]"
"(18.083832, 222.1117956666667)","[1087, 1104]"
"(21.75049866666667, 212.44512900000004)","[1095, 1102]"
"(43.083832, 210.77846233333335)",[1108]
"(46.750498666666665, 211.1117956666667)","[1107, 1109]"
"(50.083832, 207.44512900000004)","[1101, 1108, 1110]"
"(50.750498666666665, 204.1117956666667)","[1097, 1109]"
"(42.750498666666665, 237.77846233333335)","[1112, 1146]"
"(40.41716533333334, 233.44512900000004)","[1111, 1115]"
"(42.41716533333334, 199.1117956666667)","[1097, 1114]"
"(39.750498666666665, 195.77846233333335)","[1090, 1113]"
"(34.083832, 232.77846233333335)","[1112, 1116]"
"(31.417165333333333, 228.1117956666667)","[1088, 1115]"
"(-14.916167999999999, 200.1117956666667)","[1017, 1118]"
"(-11.916168, 197.77846233333335)","[1117, 1119]"
"(-8.582834666666667, 202.77846233333335)","[1118, 1120]"
"(0.08383199999999924, 202.77846233333335)","[1119, 1121, 1124]"
"(7.750498666666666, 198.77846233333335)","[1063, 1120]"
"(11.083832000000001, 215.77846233333335)","[1104, 1123]"
"(11.750498666666667, 210.77846233333335)","[1122, 1124]"
"(4.750498666666666, 210.44512900000004)","[1120, 1123]"
"(29.417165333333333, 217.1117956666667)",[1126]
"(30.417165333333333, 213.44512900000004)","[1125, 1129]"
"(38.41716533333334, 204.77846233333335)","[1128, 1130]"
"(35.083832, 206.77846233333335)","[1127, 1129]"
"(33.750498666666665, 211.1117956666667)","[1126, 1128]"
"(38.750498666666665, 208.44512900000004)",[1127]
"(50.750498666666665, 219.77846233333335)",[1143]
"(53.41716533333334, 232.77846233333335)",[1133]
"(55.750498666666665, 229.44512900000004)","[1132, 1134]"
"(55.083832, 225.44512900000004)","[1133, 1145]"
"(37.41716533333334, 205.1117956666667)",[1136]
"(36.41716533333334, 209.1117956666667)","[1135, 1140]"
"(42.41716533333334, 224.44512900000004)","[1138, 1144]"
"(39.750498666666665, 220.77846233333335)","[1137, 1139]"
"(35.41716533333334, 221.1117956666667)","[1138, 1142]"
"(32.083832, 212.44512900000004)","[1136, 1141]"
"(33.083832, 214.77846233333335)","[1140, 1142]"
"(31.75049866666667, 217.44512900000004)","[1139, 1141]"
"(48.750498666666665, 220.77846233333335)","[1131, 1144]"
"(47.750498666666665, 222.77846233333335)","[1137, 1143, 1145]"
"(49.41716533333334, 226.1117956666667)","[1134, 1144]"
"(48.750498666666665, 238.1117956666667)","[1111, 1147]"
"(50.083832, 242.77846233333335)","[1146, 1150]"
"(67.083832, 238.44512900000004)","[1149, 1156]"
"(62.083832, 238.44512900000004)","[1148, 1153]"
"(54.083832, 241.44512900000004)","[1147, 1154]"
"(59.750498666666665, 254.1117956666667)",[1152]
"(62.083832, 249.77846233333335)","[1151, 1153]"
"(59.41716533333334, 245.44512900000004)","[1149, 1152, 1154]"
"(53.750498666666665, 246.44512900000004)","[1150, 1153]"
"(71.083832, 232.77846233333335)","[1065, 1156]"
"(66.083832, 232.77846233333335)","[1148, 1155]"
"(-143.58283466666668, -24.554871000000002)","[287, 1173, 1175]"
"(-164.58283466666668, 0.7784596666666678)","[1159, 1169, 1171]"
"(-159.24950133333334, -13.55487233333333)","[1158, 1174]"
"(198.41716533333332, -30.221537666666666)","[232, 1163, 1166]"
"(226.49927766666667, 6.582654666666667)","[1162, 1243]"
"(217.44964066666668, 12.954812333333335)","[1161, 1185]"
"(194.083832, -30.888204333333334)","[1160, 1164, 1165]"
"(205.815211, -21.426033)","[1163, 1244]"
"(188.41716533333332, -33.22153766666667)","[227, 245, 1163]"
"(194.75049866666666, -32.22153766666667)","[227, 241, 1160]"
"(-1.9161679999999999, -24.221537666666666)","[417, 1168]"
"(2.083832, -25.888204333333334)","[393, 1167]"
"(-151.916168, -6.888205666666667)","[433, 1158, 1170]"
"(-157.916168, 5.111794333333334)","[508, 1169]"
"(-173.24950133333334, 12.111791666666667)","[501, 508, 1158]"
"(-134.24950133333334, -18.88820433333333)","[435, 1173]"
"(-137.58283466666668, -19.554871)","[449, 1157, 1172]"
"(-149.58283466666668, -25.888204333333334)","[287, 1159, 1175]"
"(-144.58283466666668, -21.221537666666666)","[433, 1157, 1174]"
"(5.750498666666666, 115.77846233333332)","[795, 796, 1177]"
"(2.083832, 121.445129)","[991, 1176]"
"(139.41716533333332, 82.11179566666665)","[864, 1179]"
"(141.75049866666666, 82.11179566666665)","[664, 1178]"
"(129.41716533333332, 125.445129)","[972, 1182]"
"(125.08383199999999, 128.11179566666667)",[1182]
"(127.75049866666666, 127.44512900000001)","[982, 1180, 1181]"
"(187.083832, 36.445129)","[536, 1184]"
"(196.62849433333335, 31.802218333333332)","[1183, 1185]"
"(201.3849283333333, 23.159307666666667)","[1162, 1184, 1186]"
"(192.50693266666667, 16.135550333333335)","[1185, 1187]"
"(180.083832, 13.111792999999999)","[474, 477, 1186]"
"(17.083832, 99.77846233333332)","[798, 813]"
"(122.41716533333333, -80.554871)","[166, 1223]"
"(84.75049866666667, -107.22153766666668)","[87, 1219]"
"(10.083832, -59.22153766666667)","[265, 1192]"
"(11.750498666666665, -66.22153766666666)","[204, 1191]"
"(133.06334433333333, 106.77846233333332)","[973, 1194]"
"(128.730011, 95.77846233333332)","[1193, 1227]"
"(105.75049866666666, 107.445129)","[845, 1196]"
"(104.08383199999999, 102.77846233333332)","[721, 1195]"
"(111.08383199999999, 117.11179566666665)","[853, 866, 1198]"
"(110.75049866666666, 114.11179566666665)","[845, 1197]"
"(114.75049866666666, 127.77846233333334)","[914, 1200]"
"(114.75049866666666, 126.11179566666665)","[844, 1199, 1256]"
"(83.083832, 96.11179566666665)","[1202, 1204]"
"(78.083832, 100.77846233333332)","[817, 1201]"
"(86.41716533333333, 87.445129)","[1204, 1233]"
"(81.41716533333333, 90.11179566666665)","[825, 1201, 1203]"
"(68.75049866666667, 63.77846233333333)","[615, 1206]"
"(82.41716533333333, 72.06013733333333)","[1205, 1232]"
"(-10.249501333333333, -144.554871)","[32, 1208]"
"(-12.916167999999999, -147.22153766666665)","[41, 1207]"
"(38.083832, -25.221537666666666)","[410, 1210, 1212]"
"(37.41716533333334, -26.554871000000002)","[408, 1209]"
"(30.75049866666667, -23.554871000000002)","[369, 374, 1212]"
"(34.083832, -23.554871000000002)","[371, 1209, 1211]"
"(46.083832, -32.888204333333334)","[409, 1214]"
"(53.083832, -34.554871)","[364, 1213]"
"(46.083832, -17.88820433333333)","[412, 1216]"
"(51.083832, -17.554871)","[464, 1215]"
"(23.083832, -81.88820433333335)","[160, 1218]"
"(22.417165333333333, -76.88820433333335)","[267, 1217]"
"(87.41716533333333, -101.88820433333335)","[185, 1190, 1220]"
"(82.41716533333333, -104.554871)","[174, 1219, 1222]"
"(74.75049866666667, -111.88820433333335)","[87, 1222]"
"(78.083832, -107.88820433333335)","[181, 1220, 1221]"
"(124.75049866666666, -78.22153766666668)","[256, 1189, 1225]"
"(119.75049866666666, -74.88820433333335)","[253, 1225]"
"(119.41716533333333, -77.554871)","[166, 1223, 1224]"
"(121.39667766666666, 82.77846233333332)","[1227, 1228]"
"(123.73001099999999, 84.445129)","[850, 1194, 1226]"
"(121.75049866666666, 78.445129)","[1226, 1229, 1230]"
"(124.75049866666666, 78.445129)","[857, 1228]"
"(119.75049866666666, 76.11179566666665)","[703, 724, 1228]"
"(115.41716533333333, 77.45082333333333)","[724, 1236]"
"(96.08383199999999, 82.54515333333333)","[1206, 1234, 1239]"
"(93.75049866666666, 91.77846233333332)","[1203, 1237]"
"(99.05686199999998, 81.47801466666667)","[1232, 1235, 1265]"
"(104.72352866666667, 81.50104499999999)","[1234, 1236]"
"(109.39019533333334, 78.05035133333332)","[1231, 1235]"
"(95.41716533333333, 89.77846233333332)","[1233, 1238, 1239]"
"(99.08383199999999, 94.445129)","[721, 1237]"
"(96.08383199999999, 84.59681166666667)","[1232, 1237]"
"(27.75049866666667, -127.88820433333332)","[62, 63, 1241]"
"(17.417165333333333, -139.554871)","[66, 1240]"
"(-6.916168, -157.88820433333333)","[40, 45]"
"(225.2879486666667, -10.441101333333334)","[225, 1161, 1244]"
"(214.4818776666667, -19.426033)","[230, 1164, 1243]"
"(111.41716533333333, 57.77846233333333)","[642, 716, 725]"
"(106.41716533333333, 44.77846233333333)","[649, 650, 1247]"
"(106.41716533333333, 40.77846233333333)","[1246, 1255]"
"(97.41716533333333, 30.111795666666666)","[499, 1249, 1254]"
"(94.75049866666666, 28.445128999999998)","[494, 1248]"
"(125.08383199999999, 74.11179566666665)","[699, 704]"
"(133.083832, 67.77846233333332)","[657, 662]"
"(128.41716533333332, 69.11179566666665)","[657, 1253]"
"(127.41716533333333, 70.445129)","[697, 700, 1252]"
"(101.75049866666666, 34.111795666666666)","[489, 1248, 1255]"
"(103.75049866666666, 38.77846233333333)","[650, 1247, 1254]"
"(116.41716533333333, 124.445129)","[1200, 1257]"
"(114.75049866666666, 122.77846233333332)","[844, 867, 1256]"
"(83.230273, 55.36894566666666)","[1259, 1261]"
"(78.91042333333333, 48.06918166666667)","[1258, 1263]"
"(91.86996733333335, 69.96847366666667)","[1261, 1264]"
"(87.55012033333333, 62.668709666666665)","[1258, 1260]"
"(71.91716533333333, 42.93221500000001)","[524, 1263]"
"(76.91716533333333, 49.239719)","[1259, 1262]"
"(90.55686200000001, 70.14675)","[1260, 1265]"
"(95.55686200000001, 76.45425433333334)","[1234, 1264]"
"(76.083832, 21.111794333333332)","[496, 523]"
"(74.083832, 3.1117943333333336)","[458, 1268]"
"(76.083832, 2.778461)","[484, 1267]"
